SYMBOL,Date,Series,Prev Close,Open,High,Low,Last,Close,VWAP,Volume,Turnover,Trades,Deliverable Volume,%Deliverble,Descripency Detail,Descripency
LT,2021-10-20,EQ,1846.05,1855.0,1868.65,1796.3,1810.1,1806.7,1825.74,3295376,601650583990000.0,114101,1634943,49.61,"Vol Down, Delivery Up",1
LT,2021-10-21,EQ,1806.7,1815.0,1826.5,1791.05,1808.0,1805.75,1804.46,2774633,500672062030000.0,135343,1707435,61.540000000000006,"Vol Down, Delivery Up",1
COALINDIA,2021-10-20,EQ,184.5,182.7,183.4,177.4,180.75,180.5,180.01,15921230,286591720070000.0,101296,4126988,25.920000000000005,"Vol Down, Delivery Up",1
COALINDIA,2021-10-21,EQ,180.5,182.0,183.0,178.9,182.4,182.4,181.33,15586097,282624121780000.0,89032,5333611,34.22,"Vol Down, Delivery Up",1
BRITANNIA,2021-10-20,EQ,3795.9,3800.0,3917.35,3740.0,3767.4,3762.0,3821.51,523002,199865495205000.0,55307,135586,25.920000000000005,"Vol Down, Delivery Up",1
BRITANNIA,2021-10-21,EQ,3762.0,3798.5,3798.5,3680.0,3722.0,3714.35,3728.96,335589,125139820195000.0,32315,178751,53.26,"Vol Down, Delivery Up",1
ADANIPORTS,2021-10-20,EQ,792.25,792.0,802.9,777.5,797.0,794.9,791.94,5467049,432956394850000.0,88272,1124660,20.57,"Vol Down, Delivery Up",1
ADANIPORTS,2021-10-21,EQ,794.9,799.0,802.9,775.3,779.0,779.35,787.23,4607499,362714415425000.0,71875,1154562,25.06,"Vol Down, Delivery Up",1
WIPRO,2021-10-20,EQ,711.55,713.6,722.75,695.75,703.0,701.95,705.96,8054391,568603958590000.0,172231,3119495,38.73,-,0
WIPRO,2021-10-21,EQ,701.95,708.95,709.0,681.7,696.75,696.3,694.67,7958456,552849096075000.0,140510,2851949,35.84,-,0
UPL,2021-10-20,EQ,733.7,733.7,734.9,711.25,717.05,715.9,721.7,1568362,113189150830000.0,42043,446564,28.470000000000002,-,0
UPL,2021-10-21,EQ,715.9,723.05,723.4,706.3,722.0,717.45,714.45,1625612,116142592095000.0,47506,598766,36.83,-,0
ULTRACEMCO,2021-10-20,EQ,7170.1,7100.0,7309.8,7092.25,7138.7,7129.6,7189.42,703897,506060893745000.0,65567,364372,51.76,-,0
ULTRACEMCO,2021-10-21,EQ,7129.6,7200.85,7205.4,7085.0,7148.95,7129.0,7133.27,318247,227014090355000.03,38511,157104,49.37,-,0
TITAN,2021-10-20,EQ,2484.9,2487.1,2505.55,2403.0,2420.0,2411.4,2438.16,2868983,699503792975000.0,162805,1822838,63.54,-,0
TITAN,2021-10-21,EQ,2411.4,2433.9,2435.95,2380.05,2405.0,2395.7,2397.62,2303014,552174950780000.0,107540,1492669,64.81,-,0
TECHM,2021-10-20,EQ,1539.1,1544.0,1576.5,1515.8,1540.4,1539.3,1548.09,5159270,798701036695000.0,174477,1977502,38.33,-,0
TECHM,2021-10-21,EQ,1539.3,1546.15,1546.15,1476.05,1526.0,1524.25,1511.13,4261416,643956725610000.0,129835,1422389,33.38,-,0
TCS,2021-10-20,EQ,3634.15,3612.0,3630.0,3578.3,3607.95,3608.85,3606.05,2933693,1057903933704999.9,175675,1685241,57.440000000000005,-,0
TCS,2021-10-21,EQ,3608.85,3604.1,3607.45,3511.25,3532.85,3532.5,3546.27,4871211,1727465000455000.0,295349,3125514,64.16,-,0
TATASTEEL,2021-10-20,EQ,1366.9,1372.0,1376.0,1326.65,1344.0,1343.3,1352.99,6975774,943814306485000.0,158821,1714535,24.58,-,0
TATASTEEL,2021-10-21,EQ,1343.3,1356.7,1357.85,1289.7,1317.0,1314.7,1322.44,8357573,1105241594765000.0,180536,2402961,28.750000000000004,-,0
TATAMOTORS,2021-10-20,EQ,481.9,481.8,497.0,471.25,489.7,486.9,484.21,55444814,2684716014710000.0,547487,8894569,16.04,-,0
TATAMOTORS,2021-10-21,EQ,486.9,491.75,510.4,485.75,508.95,508.0,497.29,52608672,2616153312330000.0,492220,8485865,16.13,-,0
TATACONSUM,2021-10-20,EQ,843.3,841.0,851.9,822.55,829.0,826.95,835.08,1535158,128197229990000.02,52877,449202,29.26,-,0
TATACONSUM,2021-10-21,EQ,826.95,837.15,838.75,808.0,817.0,814.8,819.08,2257911,184940342560000.0,60637,805447,35.67,-,0
SUNPHARMA,2021-10-20,EQ,827.35,825.05,834.8,807.5,815.0,814.9,820.69,2089252,171462839735000.0,56222,972227,46.53,-,0
SUNPHARMA,2021-10-21,EQ,814.9,823.05,829.0,810.05,820.5,818.4,817.87,3155655,258091659290000.0,72186,1375366,43.58,-,0
SHREECEM,2021-10-20,EQ,27696.8,27699.0,28027.25,27296.35,27595.15,27457.4,27655.66,36072,99759512035000.0,12646,13220,36.65,-,0
SHREECEM,2021-10-21,EQ,27457.4,27722.0,27786.75,27199.65,27696.2,27618.7,27459.55,26460,72657977530000.0,9209,12804,48.39,-,0
SBIN,2021-10-20,EQ,488.2,488.8,507.5,483.1,501.2,499.9,499.79,34080545,1703327363745000.0,330756,9918562,29.100000000000005,-,0
SBIN,2021-10-21,EQ,499.9,504.9,506.5,491.75,504.45,502.95,500.34,20808243,1041125799150000.0,237992,5557708,26.71,-,0
SBILIFE,2021-10-20,EQ,1193.45,1199.0,1203.0,1155.9,1169.15,1168.75,1173.95,2063277,242217878490000.0,56433,1258595,61.0,-,0
SBILIFE,2021-10-21,EQ,1168.75,1170.0,1184.45,1138.05,1159.0,1158.3,1156.02,1985866,229569290790000.0,69423,1188370,59.84,-,0
RELIANCE,2021-10-20,EQ,2731.85,2742.75,2742.75,2691.5,2703.5,2700.4,2710.54,5865926,1589983728585000.0,186061,3785182,64.53,-,0
RELIANCE,2021-10-21,EQ,2700.4,2727.4,2728.0,2603.2,2635.0,2622.5,2642.91,9613812,2540841638920000.0,356400,6238985,64.9,-,0
POWERGRID,2021-10-20,EQ,198.65,200.0,200.25,193.35,194.2,194.35,195.4,16432451,321091396305000.0,87405,11315668,68.86,-,0
POWERGRID,2021-10-21,EQ,194.35,196.25,197.35,193.5,195.05,194.05,194.8,12709911,247593175515000.0,84012,9306896,73.23,-,0
ONGC,2021-10-20,EQ,158.6,159.25,159.35,153.65,155.05,154.9,155.78,17118996,266682189010000.0,84304,8359632,48.83,-,0
ONGC,2021-10-21,EQ,154.9,157.6,160.3,154.55,156.25,155.0,156.66,31555789,494357885245000.0,149984,14150770,44.84,-,0
NTPC,2021-10-20,EQ,149.65,150.65,150.65,145.3,146.5,146.25,147.53,16129487,237955847775000.0,114373,8793303,54.52,-,0
NTPC,2021-10-21,EQ,146.25,147.7,148.55,145.9,148.25,147.9,147.28,20818539,306613198220000.0,71392,13415334,64.44,-,0
NESTLEIND,2021-10-20,EQ,19368.45,19300.0,20200.0,19050.45,19269.0,19277.65,19511.19,217769,424893193815000.0,54167,50731,23.3,-,0
NESTLEIND,2021-10-21,EQ,19277.65,19460.0,19680.0,19056.7,19271.0,19233.15,19234.13,75962,146106279815000.0,23098,41957,55.230000000000004,-,0
MARUTI,2021-10-20,EQ,7655.65,7615.0,7667.35,7515.0,7609.2,7590.75,7579.95,488082,369963959405000.0,45076,276471,56.64,-,0
MARUTI,2021-10-21,EQ,7590.75,7650.0,7650.0,7485.0,7565.6,7575.25,7570.24,563128,426301583650000.0,46786,313562,55.67999999999999,-,0
M&M,2021-10-20,EQ,917.5,913.0,924.9,894.65,902.0,899.35,904.67,3551282,321274699570000.0,84866,1757159,49.48,-,0
M&M,2021-10-21,EQ,899.35,908.3,911.1,893.4,896.8,897.0,898.64,2614538,234953407000000.0,72013,1649303,63.080000000000005,-,0
KOTAKBANK,2021-10-20,EQ,2035.35,2042.0,2044.95,1998.2,2022.5,2015.45,2016.01,1794893,361851559910000.0,67147,926017,51.59,-,0
KOTAKBANK,2021-10-21,EQ,2015.45,2031.0,2155.0,2022.0,2155.0,2143.75,2101.83,9495518,1995793043425000.0,300992,3802840,40.05,-,0
JSWSTEEL,2021-10-20,EQ,691.55,692.0,695.7,675.4,686.0,685.15,685.46,3256699,223234020925000.0,56957,731950,22.48,-,0
JSWSTEEL,2021-10-21,EQ,685.15,691.35,693.95,655.1,676.0,674.1,674.24,5811087,391809347810000.0,80504,1442986,24.83,-,0
ITC,2021-10-20,EQ,245.95,245.95,248.5,242.35,246.5,246.6,245.66,47822165,1174793331900000.0,230234,23788245,49.74,-,0
ITC,2021-10-21,EQ,246.6,248.0,248.35,243.1,244.7,244.7,244.77,22518727,551197528730000.0,143909,11701284,51.96000000000001,-,0
IOC,2021-10-20,EQ,133.8,133.2,134.3,129.65,130.95,130.55,131.37,10755221,141293013110000.0,64884,4743322,44.1,-,0
IOC,2021-10-21,EQ,130.55,132.05,135.5,130.7,131.65,131.65,133.39,18346637,244733976035000.0,107457,5210665,28.4,-,0
INFY,2021-10-20,EQ,1822.15,1829.4,1848.0,1794.05,1797.4,1802.35,1819.25,5876115,1069013435179999.9,193075,3320472,56.510000000000005,-,0
INFY,2021-10-21,EQ,1802.35,1814.0,1814.0,1746.85,1757.0,1753.65,1768.17,8779629,1552385157425000.0,227646,5699645,64.92,-,0
INDUSINDBK,2021-10-20,EQ,1194.0,1190.0,1213.9,1172.45,1203.05,1201.7,1196.79,2850772,341176639690000.0,82319,1001623,35.14,-,0
INDUSINDBK,2021-10-21,EQ,1201.7,1205.0,1210.95,1165.2,1191.95,1184.4,1184.19,2408608,285224839720000.0,74926,737958,30.64,-,0
ICICIBANK,2021-10-20,EQ,747.45,746.75,757.45,741.9,746.75,745.85,750.52,12762996,957882254500000.0,180985,7059185,55.31,-,0
ICICIBANK,2021-10-21,EQ,745.85,748.9,759.85,737.4,758.2,755.5,748.78,12166996,911036574254999.9,185401,6282195,51.629999999999995,-,0
HINDUNILVR,2021-10-20,EQ,2546.8,2569.0,2584.0,2470.0,2488.15,2478.65,2512.41,4864654,1222200014675000.0,277787,3179193,65.35,-,0
HINDUNILVR,2021-10-21,EQ,2478.65,2503.4,2505.0,2428.0,2448.0,2445.75,2457.7,3254632,799890928005000.0,158492,2372705,72.9,-,0
HINDALCO,2021-10-20,EQ,533.75,531.0,531.0,510.5,512.7,512.95,516.29,9440844,487421317545000.0,160758,3054836,32.36,-,0
HINDALCO,2021-10-21,EQ,512.95,516.2,520.8,491.6,493.4,493.75,500.49,14173662,709375619015000.0,130501,7343538,51.81,-,0
HEROMOTOCO,2021-10-20,EQ,2876.05,2863.0,2876.0,2802.0,2818.0,2816.0,2827.77,424722,120101603040000.02,35736,156383,36.82,-,0
HEROMOTOCO,2021-10-21,EQ,2816.0,2835.0,2835.0,2725.0,2762.0,2756.9,2764.94,737326,203865859880000.0,55098,287466,38.99,-,0
HDFCLIFE,2021-10-20,EQ,702.8,703.4,709.5,695.3,704.6,703.4,703.42,2606119,183318575180000.0,65617,1164897,44.7,-,0
HDFCLIFE,2021-10-21,EQ,703.4,706.95,711.0,691.0,694.5,694.55,701.5,3427729,240455290005000.03,81087,1728447,50.43,-,0
HDFCBANK,2021-10-20,EQ,1688.7,1689.1,1698.75,1664.45,1675.6,1673.85,1676.16,5454284,914224151460000.0,187374,3521937,64.57,-,0
HDFCBANK,2021-10-21,EQ,1673.85,1671.8,1681.95,1660.85,1680.0,1676.3,1672.14,4869095,814183132695000.0,181241,2926337,60.099999999999994,-,0
HDFC,2021-10-20,EQ,2822.9,2833.0,2839.85,2773.4,2795.0,2795.1,2800.78,2106814,590072142000000.0,98834,1388924,65.93,-,0
HDFC,2021-10-21,EQ,2795.1,2814.0,2857.4,2797.85,2850.0,2844.1,2828.8,3747385,1060061809740000.0,113568,2513264,67.07,-,0
HCLTECH,2021-10-20,EQ,1232.1,1239.0,1263.4,1220.4,1232.9,1232.9,1242.97,8222562,1022036030185000.0,189811,4402812,53.55,-,0
HCLTECH,2021-10-21,EQ,1232.9,1238.9,1238.9,1189.0,1214.0,1210.7,1206.94,5998795,724017047150000.0,168030,2842462,47.38,-,0
GRASIM,2021-10-20,EQ,1717.9,1710.1,1723.95,1681.8,1697.75,1692.5,1703.26,834655,142163099285000.0,32476,416917,49.95,-,0
GRASIM,2021-10-21,EQ,1692.5,1709.4,1754.0,1690.05,1752.0,1745.8,1722.34,1369162,235816258465000.0,50729,445447,32.53,-,0
EICHERMOT,2021-10-20,EQ,2703.7,2705.0,2711.0,2616.3,2653.0,2651.2,2647.73,1159620,307035926560000.0,62774,524511,45.23,-,0
EICHERMOT,2021-10-21,EQ,2651.2,2677.0,2698.0,2596.4,2677.95,2663.35,2648.32,816204,216156937850000.0,54566,273599,33.52,-,0
DRREDDY,2021-10-20,EQ,4801.8,4801.05,4844.45,4718.0,4750.5,4753.9,4775.39,316097,150948603180000.0,36907,122084,38.62,-,0
DRREDDY,2021-10-21,EQ,4753.9,4780.0,4788.8,4600.0,4661.0,4651.65,4656.22,516800,240633224050000.0,64084,242062,46.84,-,0
DIVISLAB,2021-10-20,EQ,5192.1,5182.1,5292.0,5089.2,5128.0,5116.4,5180.69,623004,322759162570000.0,55728,281490,45.18,-,0
DIVISLAB,2021-10-21,EQ,5116.4,5167.55,5219.0,5052.65,5202.0,5193.65,5136.03,435607,223728987515000.0,47051,234912,53.93,-,0
CIPLA,2021-10-20,EQ,906.2,905.0,912.7,900.0,905.25,905.9,906.41,1941581,175987231765000.0,57613,1050989,54.13,-,0
CIPLA,2021-10-21,EQ,905.9,914.45,917.9,901.6,912.8,911.55,909.76,2723509,247774322575000.0,67328,1612662,59.21000000000001,-,0
BPCL,2021-10-20,EQ,453.05,452.0,452.9,436.35,441.0,441.1,443.27,6543463,290053300610000.0,90478,3707723,56.66,-,0
BPCL,2021-10-21,EQ,441.1,445.25,454.0,443.05,448.65,451.05,450.16,9887576,445095887245000.0,91831,5744751,58.10000000000001,-,0
BHARTIARTL,2021-10-20,EQ,681.1,683.4,713.9,681.4,708.1,708.45,705.07,21217306,1495958487980000.0,308695,7477479,35.24,-,0
BHARTIARTL,2021-10-21,EQ,708.45,710.95,712.35,689.2,696.5,696.05,698.43,8908979,622232827240000.0,149731,3709989,41.64,-,0
BAJFINANCE,2021-10-20,EQ,7739.3,7741.0,7833.55,7575.0,7770.0,7761.35,7722.48,1102899,851711249560000.0,103398,412086,37.36,-,0
BAJFINANCE,2021-10-21,EQ,7761.35,7830.0,7830.0,7685.0,7750.0,7737.3,7742.27,639461,495087731330000.0,70128,306419,47.92,-,0
BAJAJFINSV,2021-10-20,EQ,19076.55,19063.0,19063.0,18404.25,18630.1,18603.2,18707.48,224798,420540432170000.0,46565,57360,25.52,-,0
BAJAJFINSV,2021-10-21,EQ,18603.2,18788.0,18789.3,18346.7,18600.0,18579.6,18524.04,192533,356648834525000.0,35627,49059,25.480000000000004,-,0
BAJAJ-AUTO,2021-10-20,EQ,3911.55,3903.75,3909.9,3828.0,3850.0,3848.65,3859.54,321450,124064921145000.0,30719,168123,52.300000000000004,-,0
BAJAJ-AUTO,2021-10-21,EQ,3848.65,3870.0,3875.15,3769.5,3815.0,3804.0,3812.18,373336,142322276290000.0,29676,195071,52.25,-,0
AXISBANK,2021-10-20,EQ,801.65,800.6,813.8,792.0,804.15,804.8,802.72,9023067,724300995730000.0,160051,4659308,51.64,-,0
AXISBANK,2021-10-21,EQ,804.8,807.95,813.5,792.3,812.2,807.8,801.69,7405639,593700911460000.0,141321,3863981,52.18000000000001,-,0
ASIANPAINT,2021-10-20,EQ,3183.75,3190.0,3219.95,3136.65,3177.0,3169.6,3184.57,1205540,383913118910000.0,102671,529108,43.89,-,0
ASIANPAINT,2021-10-21,EQ,3169.6,3194.0,3195.45,2920.45,3015.0,3002.0,3019.98,5103543,1541258438795000.0,384801,1590299,31.16,-,0
